{
   "omega_b": 0.02225,
   "omega_c": 0.1198,
   "Omega_de": 0.6844,
   "ln10p10As": 3.094,
   "n_s": 0.9645,
   "w_de": -1.0,
   "h": 0.6724008777737618
}