{
  "omega_b": 0.000224725,
  "omega_c": 0.00120998,
  "Omega_de": 0.00691244,
  "sigma8": 0.0083931,
  "ns": 0.00974145,
  "b1lowz": 0.017978,
  "b1cmass1": 0.02121,
  "b1cmass2": 0.023028,
  "alphamaglowz": 0.0228159,
  "alphamagcmass1": 0.0359863,
  "alphamagcmass2": 0.0376629,
  "dzph": 0.01,
  "dm": 0.01,
  "A_IA": 0.0101,
  "eta_IA": 0.030300000000000004
}