{
  "omega_b": 0.02225,
  "omega_c": 0.12099800000000001,
  "Omega_de": 0.6844,
  "ln10p10As": 3.082647998157684,
  "n_s": 0.9645,
  "w_de": -1,
  "Omega_de0": 0.6844,
  "Omega_K0": 0.0,
  "w0": -1,
  "wa": 0.0,
  "h": 0.6752176572514466
}