{
  "omega_b": 0.0002225,
  "omega_c": 0.001198,
  "Omega_de": 0.006844,
  "sigma8": 0.00831,
  "ns": 0.009645,
  "dzph1": 0.01,
  "dzph2": 0.01,
  "dzph3": 0.01,
  "dzph4": 0.01,
  "dm": 0.01
}