{
  "omega_b": 0.02225,
  "omega_c": 0.1198,
  "Omega_de": 0.6844,
  "ln10p10As": 3.12494,
  "n_s": 0.9645,
  "w_de": -1.0,
  "Omega_de0": 0.6844,
  "Omega_K0": 0.0,
  "w0": -1.0,
  "wa": 0.0,
  "h": 0.6724008777737618
}