{
  "omega_b": 0.0224725,
  "omega_c": 0.1198,
  "Omega_de": 0.6844,
  "ln10p10As": 3.1004205154513964,
  "n_s": 0.9645,
  "w_de": -1,
  "Omega_de0": 0.6844,
  "Omega_K0": 0.0,
  "w0": -1,
  "wa": 0.0,
  "h": 0.6729249191165838
}