{
  "omega_b": 2.225e-06,
  "omega_c": 1.198e-05,
  "Omega_de": 6.844e-05,
  "n_s": 9.645000000000001e-05,
  "ln10p10As": 0.0003094,
  "b1lowz": 0.00017800000000000002,
  "b1cmass1": 0.00021,
  "b1cmass2": 0.00022799999999999999,
  "alphamaglowz": 0.0002259,
  "alphamagcmass1": 0.00035630000000000004,
  "alphamagcmass2": 0.0003729,
  "dzph1": 0.0001,
  "dzph2": 0.0001,
  "dm1": 0.0001,
  "dm2": 0.0001
}