{
  "omega_b": 0.0002225,
  "omega_c": 0.001198,
  "Omega_de": 0.006844,
  "sigma8": 0.00831,
  "ns": 0.009645,
  "b1lowz": 0.0178,
  "b1cmass1": 0.021,
  "b1cmass2": 0.022799999999999997,
  "alphamaglowz": 0.02259,
  "alphamagcmass1": 0.03563,
  "alphamagcmass2": 0.037290000000000004,
  "dzph1": 0.01,
  "dzph2": 0.01,
  "dzph3": 0.01,
  "dzph4": 0.01,
  "dm1": 0.01,
  "dm2": 0.01,
  "dm3": 0.01,
  "dm4": 0.01,
  "A_IA": 0.01,
  "eta_IA": 0.03
}